{
  "users": [
    {
      "id": "f954",
      "fullName": "131212",
      "email": "lol@gmail.com",
      "password": "12"
    },
    {
      "id": "a278",
      "fullName": "131212",
      "email": "lol@gmail.com",
      "password": "12"
    },
    {
      "id": "af9b",
      "fullName": "131212",
      "email": "lol@gmail.com",
      "password": "12"
    },
    {
      "id": "820f",
      "fullName": "131212",
      "email": "lol@gmail.com",
      "password": "12"
    },
    {
      "id": "a0ec",
      "fullName": "131212",
      "email": "lol@gmail.com",
      "password": "123"
    },
    {
      "id": "c75f",
      "fullName": "131212",
      "email": "lol@gmail.com",
      "password": "123"
    },
    {
      "id": "0320",
      "fullName": "131212",
      "email": "lol@gmail.com",
      "password": "123"
    },
    {
      "id": "e974",
      "fullName": "131212",
      "email": "lol@gmail.com",
      "password": "123"
    },
    {
      "id": "ad13",
      "fullName": "131212",
      "email": "lol@gmail.com",
      "password": "123"
    },
    {
      "id": "ad92",
      "fullName": "131212",
      "email": "lol@gmail.com",
      "password": "123"
    },
    {
      "id": "3ca0",
      "fullName": "131212",
      "email": "lol@gmail.com",
      "password": "123"
    },
    {
      "id": "4cec",
      "fullName": "122e",
      "email": "lal@gmial.com",
      "password": "12"
    },
    {
      "id": "ad88",
      "fullName": "122e",
      "email": "lal@gmial.com",
      "password": "12"
    }
  ]
}